version,pipeline_part,rule,sample,threads,n_jobs,runtime_s,cpu_time_s,peak_rss_MB,core_h,Wh_cpu,Wh_mem,Wh_total,Wh_dardel_accounting
legacy,align-annotate,demultiplex_probe,1.0.1,4,1,1092.7619,4108.04,260.05,1.2142,4.8871,0.0338,4.9209,4.9209
legacy,align-annotate,demultiplex_probe,1.0.2,4,1,2125.224,8120.77,244.1,2.3614,9.5045,0.0617,9.5662,9.5662
legacy,align-annotate,demultiplex_probe,1.0.3,4,1,3373.9344,12904.62,241.79,3.7488,15.089,0.0971,15.1861,15.1861
legacy,align-annotate,process_demultiplex_bacteria,1.0.1,1,1,104.1089,83.3,55.34,0.0289,0.1164,0.0007,0.1171,0.1171
legacy,align-annotate,process_demultiplex_bacteria,1.0.2,1,1,218.1984,167.73,54.09,0.0606,0.244,0.0014,0.2454,0.2454
legacy,align-annotate,process_demultiplex_bacteria,1.0.3,1,1,309.2475,276.75,55.88,0.0859,0.3458,0.0021,0.3478,0.3478
legacy,align-annotate,st_pipeline_demultiplex_bacteria,1.0.1,20,1,382.4409,4538.95,2057.2,2.1247,8.5518,0.0936,8.6454,8.6454
legacy,align-annotate,st_pipeline_demultiplex_bacteria,1.0.2,20,1,860.5768,9810.27,1174.77,4.781,19.2435,0.1203,19.3638,19.3638
legacy,align-annotate,st_pipeline_demultiplex_bacteria,1.0.3,20,1,1040.5161,14499.12,1152.18,5.7806,23.2671,0.1427,23.4098,23.4098
legacy,align-annotate,st_pipeline_multi,1.0.1,20,1,512.0306,2074.08,29542.12,2.8446,11.4496,1.7999,13.2495,13.2495
legacy,align-annotate,st_pipeline_multi,1.0.2,20,1,838.5126,4610.45,29869.98,4.6584,18.7501,2.9803,21.7304,21.7304
legacy,align-annotate,st_pipeline_multi,1.0.3,20,1,1167.6865,6763.07,30190.75,6.4871,26.1108,4.1949,30.3057,30.3057
legacy,align-annotate,st_pipeline_single,1.0.1,20,1,1767.1192,3310.63,29574.37,9.8173,39.5147,6.2187,45.7335,45.7335
legacy,align-annotate,st_pipeline_single,1.0.2,20,1,2207.8675,5214.59,29777.04,12.2659,49.3704,7.8231,57.1934,57.1934
legacy,align-annotate,st_pipeline_single,1.0.3,20,1,3021.9904,8071.41,30021.52,16.7888,67.5751,10.7956,78.3707,78.3707
legacy,align-annotate,subseq_probes,1.0.1,1,1,27.6231,22.41,651.84,0.0077,0.0309,0.0021,0.033,0.033
legacy,align-annotate,subseq_probes,1.0.2,1,1,37.5608,18.37,1263.61,0.0104,0.042,0.0056,0.0476,0.0476
legacy,align-annotate,subseq_probes,1.0.3,1,1,53.4417,64.56,2071.62,0.0179,0.0722,0.0132,0.0854,0.1327
legacy,preprocessing,polyA_tso_filter,1.0.1,1,1,257.6117,242.66,730.97,0.0716,0.288,0.0224,0.3104,0.3104
legacy,preprocessing,polyA_tso_filter,1.0.2,1,1,528.4735,576.52,1431.95,0.1601,0.6446,0.09,0.7346,0.7346
legacy,preprocessing,polyA_tso_filter,1.0.3,1,1,760.6855,848.51,2323.39,0.2357,0.9487,0.2103,1.159,1.9113
legacy,preprocessing,polyA_tso_trim,1.0.1,4,1,15.1857,46.13,223.82,0.0169,0.0679,0.0004,0.0683,0.0683
legacy,preprocessing,polyA_tso_trim,1.0.2,4,1,30.8654,58.11,218.79,0.0343,0.138,0.0008,0.1388,0.1388
legacy,preprocessing,polyA_tso_trim,1.0.3,4,1,38.6528,69.01,231.0,0.0429,0.1729,0.0011,0.1739,0.1739
legacy,preprocessing,trim_R1_left,1.0.1,1,1,18.7285,24.0,37.43,0.0067,0.0268,0.0001,0.0269,0.0269
legacy,preprocessing,trim_R1_left,1.0.2,1,1,29.9927,23.43,35.22,0.0083,0.0335,0.0001,0.0337,0.0337
legacy,preprocessing,trim_R1_left,1.0.3,1,1,43.5876,23.51,37.19,0.0121,0.0487,0.0002,0.0489,0.0489
legacy,preprocessing,trim_R1_right,1.0.1,1,1,42.42,19.66,35.38,0.0118,0.0474,0.0002,0.0476,0.0476
legacy,preprocessing,trim_R1_right,1.0.2,1,1,100.6968,89.31,43.76,0.028,0.1126,0.0005,0.1131,0.1131
legacy,preprocessing,trim_R1_right,1.0.3,1,1,121.9888,122.64,35.39,0.0341,0.1371,0.0005,0.1376,0.1376
legacy,taxonomy,mmseqs_vs_SILVA,1.0.1,10,1,37219.9987,356824.87,14575.12,103.3889,416.1403,64.5521,480.6923,480.6923
legacy,taxonomy,mmseqs_vs_SILVA,1.0.2,10,1,67230.3937,641667.63,27155.74,186.7511,751.6732,217.2446,968.9177,1419.9216
legacy,taxonomy,mmseqs_vs_SILVA,1.0.3,10,1,100429.4153,940735.43,40583.02,278.9706,1122.8567,484.9834,1607.8401,3067.5538
legacy,taxonomy,mmseqs_vs_SILVA.Bacteria_genus.spatial_pos,1.0.1,1,1,37.4043,18.26,297.87,0.0104,0.0418,0.0013,0.0431,0.0431
legacy,taxonomy,mmseqs_vs_SILVA.Bacteria_genus.spatial_pos,1.0.2,1,1,65.3624,45.84,816.91,0.0182,0.0731,0.0064,0.0794,0.0794
legacy,taxonomy,mmseqs_vs_SILVA.Bacteria_genus.spatial_pos,1.0.3,1,1,91.074,78.24,1132.66,0.0253,0.1018,0.0123,0.1141,0.1141
legacy,taxonomy,mmseqs_vs_SILVA.Bacteria_phylum.spatial_pos,1.0.1,1,1,32.2796,18.1,337.77,0.009,0.0361,0.0013,0.0374,0.0374
legacy,taxonomy,mmseqs_vs_SILVA.Bacteria_phylum.spatial_pos,1.0.2,1,1,62.6236,46.05,846.68,0.0174,0.07,0.0063,0.0763,0.0763
legacy,taxonomy,mmseqs_vs_SILVA.Bacteria_phylum.spatial_pos,1.0.3,1,1,89.1171,78.13,1159.76,0.0248,0.0996,0.0123,0.1119,0.1119
legacy,taxonomy,mmseqs_vs_SILVA.Bacteria_species.spatial_pos,1.0.1,1,1,33.0613,18.1,243.36,0.0092,0.037,0.001,0.0379,0.0379
legacy,taxonomy,mmseqs_vs_SILVA.Bacteria_species.spatial_pos,1.0.2,1,1,57.4224,48.22,663.25,0.016,0.0642,0.0045,0.0687,0.0687
legacy,taxonomy,mmseqs_vs_SILVA.Bacteria_species.spatial_pos,1.0.3,1,1,82.8021,78.14,892.29,0.023,0.0926,0.0088,0.1014,0.1014
legacy,taxonomy,mmseqs_vs_SILVA.Eukaryota_genus.spatial_pos,1.0.1,1,1,8.6607,7.96,10.74,0.0024,0.0097,0.0,0.0097,0.0097
legacy,taxonomy,mmseqs_vs_SILVA.Eukaryota_genus.spatial_pos,1.0.2,1,1,14.5266,14.37,10.64,0.004,0.0162,0.0,0.0163,0.0163
legacy,taxonomy,mmseqs_vs_SILVA.Eukaryota_genus.spatial_pos,1.0.3,1,1,20.9151,18.57,10.96,0.0058,0.0234,0.0,0.0234,0.0234
legacy,taxonomy,mmseqs_vs_SILVA.Eukaryota_phylum.spatial_pos,1.0.1,1,1,7.769,7.28,10.77,0.0022,0.0087,0.0,0.0087,0.0087
legacy,taxonomy,mmseqs_vs_SILVA.Eukaryota_phylum.spatial_pos,1.0.2,1,1,19.5581,15.89,10.82,0.0054,0.0219,0.0,0.0219,0.0219
legacy,taxonomy,mmseqs_vs_SILVA.Eukaryota_phylum.spatial_pos,1.0.3,1,1,21.6738,18.16,10.83,0.006,0.0242,0.0,0.0243,0.0243
legacy,taxonomy,mmseqs_vs_SILVA.Eukaryota_species.spatial_pos,1.0.1,1,1,7.818,7.14,10.83,0.0022,0.0087,0.0,0.0088,0.0088
legacy,taxonomy,mmseqs_vs_SILVA.Eukaryota_species.spatial_pos,1.0.2,1,1,16.5465,13.88,10.68,0.0046,0.0185,0.0,0.0185,0.0185
legacy,taxonomy,mmseqs_vs_SILVA.Eukaryota_species.spatial_pos,1.0.3,1,1,22.8242,18.08,10.75,0.0063,0.0255,0.0,0.0255,0.0255
legacy,taxonomy,mmseqs_vs_SILVA.m8.add_silva_tax,1.0.1,1,1,1287.3107,1281.25,141.04,0.3576,1.4393,0.0216,1.4609,1.4609
legacy,taxonomy,mmseqs_vs_SILVA.m8.add_silva_tax,1.0.2,1,1,2392.3363,2366.65,141.21,0.6645,2.6748,0.0402,2.715,2.715
legacy,taxonomy,mmseqs_vs_SILVA.m8.add_silva_tax,1.0.3,1,1,3457.8991,3423.87,141.03,0.9605,3.8661,0.058,3.9242,3.9242
legacy,taxonomy,mmseqs_vs_SILVA.m8.best_hit_multiple,1.0.1,1,1,12734.8033,12729.83,16.21,3.5374,14.2382,0.0246,14.2628,14.2628
legacy,taxonomy,mmseqs_vs_SILVA.m8.best_hit_multiple,1.0.2,1,1,25359.1098,25337.56,16.09,7.0442,28.3529,0.0486,28.4014,28.4014
legacy,taxonomy,mmseqs_vs_SILVA.m8.best_hit_multiple,1.0.3,1,1,33518.3209,33493.12,16.29,9.3106,37.4753,0.065,37.5403,37.5403
legacy,taxonomy,mmseqs_vs_SILVA.m8.lca,1.0.1,1,1,1744.1346,1696.76,28434.19,0.4845,1.95,5.9012,7.8513,39.0519
legacy,taxonomy,mmseqs_vs_SILVA.m8.lca,1.0.2,1,1,3634.2119,3532.5,52764.87,1.0095,4.0633,22.818,26.8812,144.7155
legacy,taxonomy,mmseqs_vs_SILVA.m8.lca,1.0.3,1,1,5100.0279,4943.71,75407.27,1.4167,5.7021,45.7623,51.4644,290.9532
legacy,umi-filter,UMI_filtering,1.0.1,1,1,71.5864,47.8,4187.86,0.0199,0.08,0.0357,0.1157,0.2758
legacy,umi-filter,UMI_filtering,1.0.2,1,1,166.1343,138.4,7880.7,0.0461,0.1857,0.1558,0.3415,1.0845
legacy,umi-filter,UMI_filtering,1.0.3,1,1,229.6297,198.62,11452.37,0.0638,0.2567,0.3129,0.5697,2.1101
legacy,vsearch,vsearch,1.0.1,1,1,22.8506,17.78,2033.09,0.0063,0.0255,0.0055,0.0311,0.0566
legacy,vsearch,vsearch,1.0.2,1,1,45.7574,17.85,3128.53,0.0127,0.0512,0.017,0.0682,0.1194
legacy,vsearch,vsearch,1.0.3,1,1,72.4832,45.64,5990.99,0.0201,0.081,0.0517,0.1327,0.3758
updated,align-annotate,demultiplex_probe,1.0.1,1,1,779.92,866.63,237.81,0.2407,0.9689,0.0221,0.991,0.991
updated,align-annotate,demultiplex_probe,1.0.2,1,1,1526.93,1690.02,228.86,0.4694,1.8895,0.0416,1.9311,1.9311
updated,align-annotate,demultiplex_probe,1.0.3,1,1,2296.56,2564.38,233.19,0.7123,2.8671,0.0637,2.9308,2.9308
updated,align-annotate,process_demultiplex_microbial,1.0.1,1,1,120.33,122.33,44.12,0.034,0.1368,0.0006,0.1374,0.1374
updated,align-annotate,process_demultiplex_microbial,1.0.2,1,1,244.53,211.81,43.88,0.0679,0.2734,0.0013,0.2747,0.2747
updated,align-annotate,process_demultiplex_microbial,1.0.3,1,1,355.32,359.4,43.79,0.0998,0.4018,0.0019,0.4037,0.4037
updated,align-annotate,st_pipeline_host_stats,1.0.1,1,1,16.44,13.37,1100.67,0.0046,0.0184,0.0022,0.0205,0.0205
updated,align-annotate,st_pipeline_host_stats,1.0.2,1,1,18.07,15.22,1262.55,0.005,0.0202,0.0027,0.0229,0.0229
updated,align-annotate,st_pipeline_host_stats,1.0.3,1,1,18.84,16.07,1346.07,0.0052,0.0211,0.003,0.0241,0.0241
updated,align-annotate,stpipe_align,1.0.1,20,1,197.68,1186.11,27778.0,1.0982,4.4203,0.6534,5.0738,5.0738
updated,align-annotate,stpipe_align,1.0.2,20,1,365.57,2913.28,28083.27,2.0309,8.1746,1.2216,9.3962,9.3962
updated,align-annotate,stpipe_align,1.0.3,20,1,436.49,3393.93,28404.76,2.4249,9.7604,1.4753,11.2357,11.2357
updated,align-annotate,stpipe_annotate,1.0.1,1,1,1265.14,1247.93,1012.41,0.3514,1.4145,0.1524,1.5669,1.5669
updated,align-annotate,stpipe_annotate,1.0.2,1,1,1694.93,1670.61,1251.39,0.4708,1.895,0.2524,2.1474,2.1474
updated,align-annotate,stpipe_annotate,1.0.3,1,1,3096.71,3084.82,1383.82,0.8602,3.4623,0.5099,3.9722,3.9722
updated,align-annotate,stpipe_demultiplex (host),1.0.1,4,1,145.06,156.17,268.01,0.1612,0.6487,0.0046,0.6534,0.6534
updated,align-annotate,stpipe_demultiplex (host),1.0.2,4,1,281.52,295.28,277.21,0.3128,1.259,0.0093,1.2683,1.2683
updated,align-annotate,stpipe_demultiplex (host),1.0.3,4,1,490.56,530.28,281.01,0.5451,2.1939,0.0164,2.2103,2.2103
updated,align-annotate,stpipe_demultiplex (microbial),1.0.1,4,1,535.53,567.97,2055.73,0.595,2.395,0.131,2.526,2.526
updated,align-annotate,stpipe_demultiplex (microbial),1.0.2,4,1,830.95,927.39,3324.72,0.9233,3.7162,0.3287,4.0449,4.0449
updated,align-annotate,stpipe_demultiplex (microbial),1.0.3,4,1,1211.9,1332.97,3321.27,1.3466,5.4199,0.479,5.8988,5.8988
updated,align-annotate,stpipe_trim,1.0.1,1,1,167.82,136.59,83.11,0.0466,0.1876,0.0017,0.1893,0.1893
updated,align-annotate,stpipe_trim,1.0.2,1,1,357.28,347.82,85.16,0.0992,0.3995,0.0036,0.4031,0.4031
updated,align-annotate,stpipe_trim,1.0.3,1,1,503.62,498.89,83.34,0.1399,0.5631,0.005,0.5681,0.5681
updated,align-annotate,subseq_probes,1.0.1,4,1,6.4,10.76,295.1,0.0071,0.0286,0.0002,0.0288,0.0288
updated,align-annotate,subseq_probes,1.0.2,4,1,7.78,17.29,551.51,0.0086,0.0348,0.0005,0.0353,0.0353
updated,align-annotate,subseq_probes,1.0.3,4,1,13.88,30.37,652.28,0.0154,0.0621,0.0011,0.0632,0.0632
updated,preprocessing,store_barcode_and_umi,1.0.1,4,1,12.18,13.79,95.3,0.0135,0.0545,0.0001,0.0546,0.0546
updated,preprocessing,store_barcode_and_umi,1.0.2,4,1,14.24,33.04,95.59,0.0158,0.0637,0.0002,0.0638,0.0638
updated,preprocessing,store_barcode_and_umi,1.0.3,4,1,14.27,35.95,99.93,0.0159,0.0638,0.0002,0.064,0.064
updated,preprocessing,store_probe_sequence,1.0.1,4,1,6.13,10.17,93.64,0.0068,0.0274,0.0001,0.0275,0.0275
updated,preprocessing,store_probe_sequence,1.0.2,4,1,14.08,26.58,91.6,0.0156,0.063,0.0002,0.0631,0.0631
updated,preprocessing,store_probe_sequence,1.0.3,4,1,15.05,30.82,90.07,0.0167,0.0673,0.0002,0.0675,0.0675
updated,preprocessing,trim_R2,1.0.1,4,1,21.37,70.8,272.56,0.0237,0.0956,0.0007,0.0963,0.0963
updated,preprocessing,trim_R2,1.0.2,4,1,44.75,63.96,268.31,0.0497,0.2001,0.0014,0.2016,0.2016
updated,preprocessing,trim_R2,1.0.3,4,1,66.16,192.96,270.94,0.0735,0.2959,0.0021,0.298,0.298
updated,taxonomy,mmseqs_bestmatch_db,1.0.1,1,133,147.49,52.11,212.45,0.041,0.1649,0.0024,0.1673,0.1673
updated,taxonomy,mmseqs_bestmatch_db,1.0.2,1,249,228.27,107.38,231.0,0.0634,0.2552,0.0039,0.2591,0.2591
updated,taxonomy,mmseqs_bestmatch_db,1.0.3,1,359,341.08,160.52,227.86,0.0948,0.3814,0.0059,0.3873,0.3873
updated,taxonomy,mmseqs_easy_taxonomy_vs_SILVA,1.0.1,10,133,39630.76,352723.06,11211.81,110.0854,443.0939,52.6601,495.754,495.754
updated,taxonomy,mmseqs_easy_taxonomy_vs_SILVA,1.0.2,10,249,77212.7,686176.25,11215.12,214.4797,863.2809,102.5678,965.8487,965.8487
updated,taxonomy,mmseqs_easy_taxonomy_vs_SILVA,1.0.3,10,359,108819.47,970924.37,11229.63,302.2763,1216.6621,144.5516,1361.2137,1361.2137
updated,taxonomy,parse_mmseqs_easy_taxonomy_SILVA,1.0.1,2,133,260.2,103.38,242.31,0.1446,0.5818,0.0059,0.5878,0.5878
updated,taxonomy,parse_mmseqs_easy_taxonomy_SILVA,1.0.2,2,249,299.78,195.66,238.59,0.1665,0.6703,0.007,0.6773,0.6773
updated,taxonomy,parse_mmseqs_easy_taxonomy_SILVA,1.0.3,2,359,426.37,280.41,240.43,0.2369,0.9534,0.0098,0.9632,0.9632
updated,taxonomy,split_vsearch,1.0.1,4,1,5.07,5.18,97.02,0.0056,0.0227,0.0001,0.0227,0.0227
updated,taxonomy,split_vsearch,1.0.2,4,1,10.74,10.83,98.11,0.0119,0.048,0.0001,0.0482,0.0482
updated,taxonomy,split_vsearch,1.0.3,4,1,13.0,14.63,101.57,0.0144,0.0581,0.0002,0.0583,0.0583
updated,taxonomy,taxonomy_spatial_pos.Bacteria_genus,1.0.1,4,1,7.75,14.3,1544.2,0.0086,0.0347,0.0014,0.0361,0.0361
updated,taxonomy,taxonomy_spatial_pos.Bacteria_genus,1.0.2,4,1,9.1,25.92,2934.15,0.0101,0.0407,0.0032,0.0439,0.0439
updated,taxonomy,taxonomy_spatial_pos.Bacteria_genus,1.0.3,4,1,21.67,31.72,4339.23,0.0241,0.0969,0.0112,0.1081,0.1081
updated,taxonomy,taxonomy_spatial_pos.Bacteria_phylum,1.0.1,4,1,4.21,11.73,1521.02,0.0047,0.0188,0.0008,0.0196,0.0196
updated,taxonomy,taxonomy_spatial_pos.Bacteria_phylum,1.0.2,4,1,10.64,31.61,2902.13,0.0118,0.0476,0.0037,0.0513,0.0513
updated,taxonomy,taxonomy_spatial_pos.Bacteria_phylum,1.0.3,4,1,21.05,31.3,4635.2,0.0234,0.0941,0.0116,0.1058,0.1058
updated,taxonomy,taxonomy_spatial_pos.Bacteria_species,1.0.1,4,1,5.45,12.76,1655.22,0.0061,0.0244,0.0011,0.0254,0.0254
updated,taxonomy,taxonomy_spatial_pos.Bacteria_species,1.0.2,4,1,13.06,24.68,2869.98,0.0145,0.0584,0.0045,0.0629,0.0629
updated,taxonomy,taxonomy_spatial_pos.Bacteria_species,1.0.3,4,1,15.94,30.05,4574.79,0.0177,0.0713,0.0087,0.08,0.08
updated,taxonomy,taxonomy_spatial_pos.Eukaryota_genus,1.0.1,4,1,10.9,9.2,1254.6,0.0121,0.0487,0.0016,0.0504,0.0504
updated,taxonomy,taxonomy_spatial_pos.Eukaryota_genus,1.0.2,4,1,7.19,17.13,2585.81,0.008,0.0322,0.0022,0.0344,0.0344
updated,taxonomy,taxonomy_spatial_pos.Eukaryota_genus,1.0.3,4,1,9.02,22.75,4625.98,0.01,0.0403,0.005,0.0453,0.0453
updated,taxonomy,taxonomy_spatial_pos.Eukaryota_phylum,1.0.1,4,1,7.13,9.41,1197.36,0.0079,0.0319,0.001,0.0329,0.0329
updated,taxonomy,taxonomy_spatial_pos.Eukaryota_phylum,1.0.2,4,1,7.57,19.48,2839.0,0.0084,0.0339,0.0026,0.0364,0.0364
updated,taxonomy,taxonomy_spatial_pos.Eukaryota_phylum,1.0.3,4,1,8.55,24.67,4302.31,0.0095,0.0382,0.0044,0.0426,0.0426
updated,taxonomy,taxonomy_spatial_pos.Eukaryota_species,1.0.1,4,1,5.92,8.72,1490.29,0.0066,0.0265,0.001,0.0275,0.0275
updated,taxonomy,taxonomy_spatial_pos.Eukaryota_species,1.0.2,4,1,13.67,16.49,2892.19,0.0152,0.0611,0.0047,0.0658,0.0658
updated,taxonomy,taxonomy_spatial_pos.Eukaryota_species,1.0.3,4,1,13.8,22.33,4634.16,0.0153,0.0617,0.0076,0.0693,0.0693
updated,umi-filter,filter_by_umi,1.0.1,4,1,35.13,26.33,2124.79,0.039,0.1571,0.0089,0.166,0.166
updated,umi-filter,filter_by_umi,1.0.2,4,1,36.03,59.1,5493.62,0.04,0.1611,0.0236,0.1847,0.1847
updated,umi-filter,filter_by_umi,1.0.3,4,1,75.92,145.7,7310.59,0.0844,0.3395,0.066,0.4056,0.4905
updated,vsearch,vsearch,1.0.1,1,1,21.83,18.38,2034.79,0.0061,0.0244,0.0053,0.0297,0.0541
updated,vsearch,vsearch,1.0.2,1,1,48.35,15.19,2914.95,0.0134,0.0541,0.0168,0.0708,0.1249
updated,vsearch,vsearch,1.0.3,1,1,66.62,47.44,5569.56,0.0185,0.0745,0.0442,0.1186,0.3421
